scientific_name,accession,assembly_name
Acinetobacter baumannii,GCF_009035845.1,ASM903584v1
Bordetella pertussis,GCF_004008975.1,ASM400897v1
Burkholderia cepacia,GCF_009586235.1,ASM958623v1
Burkholderia mallei,GCF_033956065.1,ASM3395606v1
Burkholderia pseudomallei,GCF_030297255.1,ASM3029725v1
Campylobacter bilis,GCF_041735015.1,Iowa-C.bilis 2
Campylobacter canis,GCF_045504005.1,ASM4550400v1
Campylobacter felis,GCF_030250085.1,ASM3025008v1
Campylobacter gastrosuis,GCF_030249845.1,ASM3024984v1
Campylobacter magnus,GCF_028649595.1,ASM2864959v1
Campylobacter suis,GCF_905120475.1,LMG 8286
Campylobacter majalis,GCF_905120465.1,LMG 7974
Campylobacter molothri,GCF_020136095.1,ASM2013609v1
Campylobacter novaezeelandiae,GCF_018968685.1,ASM1896868v1
Campylobacter anatolicus,GCF_018145655.1,ASM1814565v1
Campylobacter massiliensis,GCF_014253065.1,ASM1425306v1
Campylobacter vulpis,GCF_014217995.1,ASM1421799v1
Campylobacter fetus,GCF_011600945.2,ASM1160094v2
Candidatus Campylobacter infans,GCF_013416015.1,ASM1341601v1
Campylobacter upsaliensis,GCF_013372245.1,ASM1337224v1
Campylobacter ureolyticus,GCF_013372225.1,ASM1337222v1
Campylobacter mucosalis,GCF_013372205.1,ASM1337220v1
Campylobacter hyointestinalis,GCF_013372165.1,ASM1337216v1
Campylobacter curvus,GCF_013372125.1,ASM1337212v1
Campylobacter armoricus,GCF_013372105.1,ASM1337210v1
Campylobacter blaseri,GCF_013201895.1,ASM1320189v1
Campylobacter geochelonis,GCF_013201685.1,ASM1320168v1
Campylobacter corcagiensis,GCF_013201645.1,ASM1320164v1
Campylobacter ornithocola,GCF_013201605.1,ASM1320160v1
Campylobacter canadensis,GCF_013177655.1,ASM1317765v1
Campylobacter coli,GCF_009730395.1,ASM973039v1
Campylobacter portucalensis,GCF_009690845.1,ASM969084v1
Campylobacter volucris,GCF_008245045.1,ASM824504v1
Campylobacter lari,GCF_008245025.1,ASM824502v1
Campylobacter sputorum,GCF_008245005.1,ASM824500v1
Campylobacter troglodytis,GCF_006864425.1,ASM686442v1
Campylobacter taeniopygiae,GCF_005406225.1,ASM540622v1
Campylobacter estrildidarum,GCF_005406205.1,ASM540620v1
Campylobacter aviculae,GCF_005406215.1,ASM540621v1
Campylobacter californiensis,GCF_004803835.1,ASM480383v1
Campylobacter showae,GCF_004803815.1,ASM480381v1
Campylobacter rectus,GCF_004803795.1,ASM480379v1
Campylobacter hepaticus,GCF_001687475.2,ASM168747v2
Campylobacter avium,GCF_002238335.1,ASM223833v1
Campylobacter lanienae,GCF_002139935.1,ASM213993v1
Campylobacter devanensis,GCF_002139915.1,ASM213991v1
Campylobacter vicugnae,GCF_002139875.1,ASM213987v1
Campylobacter porcelli,GCF_002139855.1,ASM213985v1
Campylobacter cuniculorum,GCF_002104335.1,ASM210433v1
Campylobacter helveticus,GCF_002080395.1,ASM208039v1
Campylobacter pinnipediorum,GCF_002021985.1,ASM202198v1
Campylobacter concisus,GCF_001298465.1,ASM129846v1
Campylobacter gracilis,GCF_001190745.1,ASM119074v1
Campylobacter peloridis,GCF_000816785.1,ASM81678v1
Campylobacter subantarcticus,GCF_000816305.1,ASM81630v1
Campylobacter insulaenigrae,GCF_000816185.1,ASM81618v1
Campylobacter iguaniorum,GCF_000736415.1,ASM73641v1
Campylobacter hominis,GCF_000017585.1,ASM1758v1
Campylobacter jejuni,GCF_000009085.1,ASM908v1
Citrobacter freundii,GCF_904859905.1,MSB1_1H
Clostridioides difficile,GCF_018885085.1,ASM1888508v1
Corynebacterium diphtheriae,GCF_001457455.1,NCTC11397
Enterobacter asburiae,GCF_007035805.1,ASM703580v1
Enterobacter cloacae,GCF_905331265.2,AI2999v1_cpp
Enterococcus faecalis,GCF_000393015.1,Ente_faec_T5_V1
Enterococcus faecium,GCF_009734005.1,ASM973400v2
Escherichia marmotae,GCF_029962465.1,ASM2996246v1
Escherichia albertii,GCF_028622335.1,ASM2862233v1
Escherichia fergusonii,GCF_020097475.1,ASM2009747v1
Escherichia ruysiae,GCF_902498915.1,OPT1704
Escherichia whittamii,GCF_014836715.1,ASM1483671v1
Escherichia coli,GCF_000008865.2,ASM886v2
Escherichia coli,GCF_000005845.2,ASM584v2
Haemophilus influenzae,GCF_020736045.1,ASM2073604v1
Helicobacter pylori,GCF_025998455.1,ASM2599845v1
Klebsiella oxytoca,GCF_900636985.1,45889_C01
Klebsiella pneumoniae,GCF_000240185.1,ASM24018v2
Neisseria gonorrhoeae,GCF_013030075.1,ASM1303007v1
Neisseria meningitidis,GCF_022869645.1,ASM2286964v1
Pseudomonas aeruginosa,GCF_000006765.1,ASM676v1
Salmonella enterica,GCF_000006945.2,ASM694v2
Salmonella bongori,GCF_000252995.1,ASM25299v1
Serratia marcescens,GCF_030291735.1,ASM3029173v1
Staphylococcus aureus,GCF_000013425.1,ASM1342v1
Staphylococcus pseudintermedius,GCF_034042775.1,ASM3404277v1
Streptococcus agalactiae,GCF_001552035.1,ASM155203v1
Streptococcus pneumoniae,GCF_001457635.1,NCTC7465
Streptococcus pyogenes,GCF_900475035.1,41965_F01
Vibrio cholerae,GCF_008369605.1,ASM836960v1
Vibrio parahaemolyticus,GCF_000196095.1,ASM19609v1
Vibrio vulnificus,GCF_002224265.1,ASM222426v1
Aggregatibacter actinomycetemcomitans,GCF_023518055.1,ASM2351805v1
Achromobacter veterisilvae,GCF_037619525.1,ASM3761952v1
Achromobacter marplatensis,GCF_977008235.1,ASM97700823v1
Achromobacter kerstersii,GCF_977007375.1,ASM97700737v1
Achromobacter animicus,GCF_040775605.1,ASM4077560v1
Achromobacter seleniivolatilans,GCF_030864005.1,ASM3086400v1
Achromobacter mucicolens,GCF_029866465.1,ASM2986646v1
Achromobacter pulmonis,GCF_021733725.1,ASM2173372v1
Achromobacter xylosoxidans,GCF_016728825.1,ASM1672882v1
Achromobacter insuavis,GCF_902859645.1,LMG 26845
Achromobacter anxifer,GCF_903652925.1,LMG 26857
Achromobacter denitrificans,GCF_013267395.1,ASM1326739v1
Achromobacter aegrifaciens,GCF_902859965.1,LMG 26854
Achromobacter deleyi,GCF_902859705.1,LMG 3458
Achromobacter dolens,GCF_902859745.1,LMG 26840
Achromobacter piechaudii,GCF_902859685.1,LMG 1873
Achromobacter pestifer,GCF_902859625.1,LMG 3431
Achromobacter agilis,GCF_900496965.1,LMG 3411T
Achromobacter aloeverae,GCF_004121055.1,ASM412105v1
Achromobacter insolitus,GCF_900637265.1,50432_C01
Achromobacter spanius,GCF_002812705.1,ASM281270v1
Achromobacter ruhlandii,GCF_002082135.1,ASM208213v1
Achromobacter arsenitoxydans,GCF_000236785.1,ASM23678v2
Actinobacillus pleuropneumoniae,GCF_003290385.1,ASM329038v1
Aeromonas oralensis,GCF_049665575.1,ASM4966557v1
Aeromonas mytilicola,GCF_044336385.1,ASM4433638v1
Aeromonas popoffii,GCF_037818705.1,ASM3781870v1
Aeromonas intestinalis,GCF_054052485.1,ASM5405248v1
Aeromonas enterica,GCF_054052465.1,ASM5405246v1
Aeromonas crassostreae,GCF_054052445.1,ASM5405244v1
Aeromonas piscicola,GCF_053714435.1,Api_1806_v1
Aeromonas molluscorum,GCF_051376105.1,ASM5137610v1
Aeromonas ichthyocola,GCF_046087985.1,ASM4608798v1
Aeromonas rivipollensis,GCF_046079545.1,ASM4607954v1
Aeromonas bivalvium,GCF_046078285.1,ASM4607828v1
Aeromonas bestiarum,GCF_028751155.1,ASM2875115v1
Aeromonas salmonicida,GCF_028355655.1,ASM2835565v1
Aeromonas media,GCF_020423125.1,ASM2042312v1
Aeromonas rivuli,GCF_020149575.1,ASM2014957v1
Aeromonas enteropelogenes,GCF_020097295.1,ASM2009729v1
Aeromonas jandaei,GCF_016127195.1,ASM1612719v1
Aeromonas allosaccharophila,GCF_016026615.1,ASM1602661v1
Aeromonas simiae,GCF_014892695.1,ASM1489269v1
Aeromonas veronii,GCF_008693705.1,ASM869370v1
Aeromonas encheleia,GCF_900637545.1,51438_G01
Aeromonas caviae,GCF_900476005.1,51438_H01
Aeromonas lusitana,GCF_002812985.1,MDC2473
Aeromonas cavernicola,GCF_002795305.1,ASM279530v1
Aeromonas dhakensis,GCF_002285935.1,ASM228593v1
Aeromonas schubertii,GCF_001481395.1,ASM148139v1
Aeromonas tecta,GCF_000820185.1,PRJEB7042
Aeromonas taiwanensis,GCF_000820165.1,PRJEB7041
Aeromonas sobria,GCF_000820145.1,PRJEB7040
Aeromonas sanarellii,GCF_000820085.1,PRJEB7037
Aeromonas fluvialis,GCF_000819885.1,PRJEB7030
Aeromonas eucrenophila,GCF_000819865.1,PRJEB7029
Aeromonas diversa,GCF_000819805.1,PRJEB7026
Aeromonas australiensis,GCF_000819725.1,PRJEB7021
Aeromonas lacus,GCF_000764665.1,ASM76466v1
Aeromonas aquatica,GCF_000764655.1,ASM76465v1
Aeromonas finlandensis,GCF_000764645.1,ASM76464v1
Aeromonas hydrophila,GCF_000014805.1,ASM1480v1
Avibacterium paragallinarum,GCF_011765605.1,ASM1176560v1
Anaplasma phagocytophilum,GCF_000964685.1,ASM96468v1
Arcobacter iocasae,GCF_042214795.1,ASM4221479v1
Arcobacter roscoffensis,GCF_024267655.1,ASM2426765v1
Arcobacter vandammei,GCF_016106035.1,ASM1610603v1
Arcobacter cloacae,GCF_013201935.1,ASM1320193v1
Arcobacter defluvii,GCF_013201725.1,ASM1320172v1
Arcobacter venerupis,GCF_013201665.1,ASM1320166v1
Arcobacter acticola,GCF_013177675.1,ASM1317767v1
Arcobacter aquimarinus,GCF_013177635.1,ASM1317763v1
Arcobacter porcinus,GCF_004299785.2,ASM429978v2
Arcobacter arenosus,GCF_005771535.1,ASM577153v1
Arcobacter peruensis,GCF_003711085.1,ASM371108v1
Arcobacter ellisii,GCF_003544915.1,ASM354491v1
Arcobacter suis,GCF_003544815.1,ASM354481v1
Arcobacter lacus,GCF_003063295.1,ASM306329v1
Arcobacter caeni,GCF_003063245.1,ASM306324v1
Arcobacter nitrofigilis,GCF_000092245.1,ASM9224v1
Bartonella bacilliformis,GCF_000015445.1,ASM1544v1
Bacillus cereus,GCF_006094295.1,ASM609429v1
Bacteroides fragilis,GCF_000025985.1,ASM2598v1
Bartonella henselae,GCF_019930925.1,ASM1993092v1
Bacillus licheniformis,GCF_034478925.1,ASM3447892v1
Bordetella muralis,GCF_965139205.1,CIP111920T
Bordetella tumbae,GCF_965139195.1,CIP111921T
Bordetella tumulicola,GCF_965138755.1,CIP111922T
Bordetella sputigena,GCF_965137885.1,CIP111201T
Bordetella avium,GCF_034424645.1,ASM3442464v1
Bordetella holmesii,GCF_020735985.1,ASM2073598v1
Bordetella parapertussis,GCF_020735925.1,ASM2073592v1
Bordetella hinzii,GCF_900637615.1,52191_A01
Bordetella bronchiseptica,GCF_900636925.1,45137_F01
Bordetella trematum,GCF_900445945.1,52067_A01
Bordetella pseudohinzii,GCF_001698185.1,ASM169818v1
Bordetella flabilis,GCF_001676725.1,ASM167672v1
Bordetella bronchialis,GCF_001676705.1,ASM167670v1
Bordetella ansorpii,GCF_900078705.1,H050680373
Bordetella petrii,GCF_000067205.1,ASM6720v1
Borreliella andersonii,GCF_032595875.2,ASM3259587v2
Borreliella americana,GCF_032595795.2,ASM3259579v2
Borreliella turdi,GCF_030439285.2,ASM3043928v2
Borreliella sinica,GCF_033969665.2,ASM3396966v2
Borreliella japonica,GCF_030438115.2,ASM3043811v2
Borreliella carolinensis,GCF_032595855.2,ASM3259585v2
Borreliella tanukii,GCF_030439725.2,ASM3043972v2
Borreliella lanei,GCF_030437705.2,ASM3043770v2
Borreliella finlandensis,GCF_030438365.2,ASM3043836v2
Borreliella spielmanii,GCF_030436445.2,ASM3043644v2
Borreliella lusitaniae,GCF_030440365.2,ASM3044036v2
Borreliella californiensis,GCF_030438475.2,ASM3043847v2
Borreliella kurtenbachii,GCF_030437945.2,ASM3043794v2
Borreliella yangtzensis,GCF_030436165.1,ASM3043616v1
Candidatus Borreliella tachyglossi,GCF_003076595.1,ASM307659v1
Borreliella mayonii,GCF_001945665.1,ASM194566v1
Borreliella burgdorferi,GCF_000181575.2,ASM18157v2
Borreliella valaisiana,GCF_000170955.2,ASM17095v2
Borreliella garinii,GCF_000239475.1,ASM23947v1
Borreliella bissettiae,GCF_000222305.1,ASM22230v1
Borreliella bavariensis,GCF_000196215.1,ASM19621v1
Borreliella afzelii,GCF_000741005.1,ASM74100v1
Brachyspira pilosicoli,GCF_000143725.1,ASM14372v1
Brachyspira hyodysenteriae,GCF_001676785.2,ASM167678v2
Brachyspira intermedia,GCF_000223215.1,ASM22321v1
Brachyspira hampsonii,GCF_000316195.1,ASM31619v1
Brucella pituitosa,GCF_965577835.1,MPB25535
Brucella ceti,GCF_047324105.1,ASM4732410v1
Brucella ciceri,GCF_041930145.1,ASM4193014v1
Brucella oryzae,GCF_041929965.1,ASM4192996v1
Brucella cytisi,GCF_038433355.1,ASM3843335v1
Brucella pseudintermedia,GCF_025118245.1,ASM2511824v1
Brucella pseudogrignonensis,GCF_022024335.1,ASM2202433v1
Brucella anthropi,GCF_015326295.1,ASM1532629v1
Brucella endophytica,GCF_014640615.1,ASM1464061v1
Brucella daejeonensis,GCF_014199265.1,ASM1419926v1
Brucella tritici,GCF_008932285.1,ASM893228v1
Brucella gallinifaecis,GCF_006476605.1,ASM647660v1
Brucella pecoris,GCF_006376675.1,ASM637667v1
Brucella haematophila,GCF_005938105.1,ASM593810v1
Brucella neotomae,GCF_900446125.1,57572_C01
Brucella intermedia,GCF_900454225.1,34576_H01
Brucella lupini,GCF_002252535.1,ASM225253v1
Brucella grignonensis,GCF_002252505.1,ASM225250v1
Brucella rhizosphaerae,GCF_002252475.1,ASM225247v1
Brucella thiophenivorans,GCF_002252445.1,ASM225244v1
Brucella inopinata,GCF_900095155.1,BR141012304v1
Brucella abortus,GCF_000369945.1,Bruc_abor_544_V1
Brucella vulpis,GCF_900000005.1,BVF60
Brucella microti,GCF_000022745.1,ASM2274v1
Brucella canis,GCF_000018525.1,ASM1852v1
Brucella ovis,GCF_000016845.1,ASM1684v1
Brucella suis,GCF_000007505.1,ASM750v1
Brucella melitensis,GCF_000007125.1,ASM712v1
Bacillus subtilis,GCF_000009045.1,ASM904v1
Candidatus Bartonella washoeensis,GCF_000278135.1,Bart_wash_Sb944nv_V1
Clostridium botulinum,GCF_000063585.1,ASM6358v1
Chlamydia abortus,GCF_040235295.1,ASM4023529v1
Chlamydia vaughanii,GCF_964023145.2,Cvaug_1
Chlamydia pecorum,GCF_020549965.1,ASM2054996v1
Chlamydia buteonis,GCF_019056495.1,ASM1905649v1
Chlamydiifrater volucris,GCF_902806995.1,15-2067_O50
Chlamydiifrater phoenicopteri,GCF_902807005.1,14-2711_R47
Chlamydia crocodili,GCF_018343815.1,ASM1834381v1
Candidatus Clavichlamydia salmonicola,GCF_015356765.1,ASM1535676v1
Chlamydia poikilotherma,GCF_900239975.1,Chlamydia sp. S15-834K
Chlamydia suis,GCF_900149385.2,4-29b_chromosome
Chlamydia serpentis,GCF_900239945.1,Chlamydia sp. nov. H15-1957-10C
Candidatus Chlamydia corallus,GCF_002817655.1,ASM281765v1
Candidatus Chlamydia sanziniae,GCF_001653975.1,ASM165397v1
Chlamydia gallinacea,GCF_000471025.2,ASM47102v2
Chlamydia avium,GCF_000417735.2,ASM41773v2
Chlamydia psittaci,GCF_000204255.1,ASM20425v1
Chlamydia ibidis,GCF_000454725.1,ibidis.assembly
Chlamydia felis,GCF_000009945.1,ASM994v1
Chlamydia trachomatis,GCF_000008725.1,ASM872v1
Chlamydia caviae,GCF_000007605.1,ASM760v1
Chlamydia pneumoniae,GCF_000007205.1,ASM720v1
Chlamydia muridarum,GCF_000006685.1,ASM668v1
Carnobacterium maltaromaticum,GCF_949790605.1,SF2022_genome
Clostridium perfringens,GCF_016027375.1,ASM1602737v1
Cronobacter turicensis,GCF_041222865.1,ASM4122286v1
Cronobacter sakazakii,GCF_003516125.1,ASM351612v3
Cronobacter malonaticus,GCF_001277215.2,ASM127721v2
Cronobacter condimenti,GCF_001277255.1,ASM127725v1
Cronobacter dublinensis,GCF_001277235.1,ASM127723v1
Cronobacter muytjensii,GCF_001277195.1,ASM127719v1
Cronobacter universalis,GCF_001277175.1,ASM127717v1
Clostridium septicum,GCF_003606265.1,ASM360626v1
Dichelobacter nodosus,GCF_000015345.1,ASM1534v1
Enterobacter chuandaensis,GCF_039718975.1,ASM3971897v1
Enterobacter kobei,GCF_023023125.1,ASM2302312v1
Enterobacter hormaechei,GCF_019048245.1,ASM1904824v1
Enterobacter cancerogenus,GCF_019047785.1,ASM1904778v1
Enterobacter pasteurii,GCF_014930725.1,ASM1493072v1
Enterobacter sichuanensis,GCF_009036245.1,ASM903624v1
Enterobacter chengduensis,GCF_001984825.2,ASM198482v2
Enterobacter ludwigii,GCF_001750725.1,ASM175072v1
Enterobacter roggenkampii,GCF_001729805.1,ASM172980v1
Edwardsiella piscicida,GCF_021733145.1,ASM2173314v1
Edwardsiella ictaluri,GCF_003074995.2,ASM307499v2
Edwardsiella tarda,GCF_019933175.1,ASM1993317v1
Edwardsiella hoshinae,GCF_016026395.1,ASM1602639v1
Edwardsiella anguillarum,GCF_000264765.2,ASM26476v2
Flavobacterium psychrophilum,GCF_000754405.1,ASM75440v1
Gallibacterium anatis,GCF_000772265.1,ASM77226v1
Geotrichum candidum,GCA_013365045.1,LMA-244_clib
Halostagnicola alkaliphila,GCF_055379965.1,ASM5537996v1
Natronorubrum halobium,GCF_051351675.1,ASM5135167v1
Halosimplex rarum,GCF_047715405.1,ASM4771540v1
Halobaculum rarum,GCF_040025155.1,ASM4002515v1
Haloterrigena salinisoli,GCF_037914945.1,ASM3791494v1
Salinibaculum marinum,GCF_037338445.1,ASM3733844v1
Salinirubellus litoreus,GCF_037335815.1,ASM3733581v1
Haloplanus salilacus,GCF_037201915.1,ASM3720191v1
Salinarchaeum chitinilyticum,GCF_054776155.1,ASM5477615v1
Halorubrum pallidum,GCF_054776115.1,ASM5477611v1
Halorubrum gandharaense,GCF_054654575.1,ASM5465457v1
Halopiger thermotolerans,GCF_054654555.1,ASM5465455v1
Halostagnicola bangensis,GCF_054653435.1,ASM5465343v1
Halorubrum luteum,GCF_054652935.1,ASM5465293v1
Haladaptatus ordinarius,GCF_054177595.1,ASM5417759v1
Haladaptatus rarus,GCF_054177585.1,ASM5417758v1
Halococcus saccharolyticus,GCF_052598275.1,ASM5259827v1
Natrialba aegyptia,GCF_052510705.1,ASM5251070v1
Haloarchaeobius baliensis,GCF_052060055.1,ASM5206005v1
Halococcus morrhuae,GCF_052043925.1,ASM5204392v1
Halococcus salifodinae,GCF_052043865.1,ASM5204386v1
Natronorubrum amylolyticum,GCF_052040145.1,ASM5204014v1
Natronorubrum marinum,GCF_052040125.1,ASM5204012v1
Halomicrococcus pelagicus,GCF_051917725.1,ASM5191772v1
Halovenus halobia,GCF_051414135.1,ASM5141413v1
Halovenus marina,GCF_051414115.1,ASM5141411v1
Halosimplex marinum,GCF_051414075.1,ASM5141407v1
Halosimplex halobium,GCF_051414055.1,ASM5141405v1
Halosimplex amylolyticum,GCF_051414035.1,ASM5141403v1
Haladaptatus marinus,GCF_051194195.1,ASM5119419v1
Halosubterraneus shenae,GCF_050510935.1,ASM5051093v1
Haloparvum alkalitolerans,GCF_050122995.1,ASM5012299v1
Natronococcus roseus,GCF_043677095.1,ASM4367709v1
Haloarchaeobius iranensis,GCF_042683225.1,ASM4268322v1
Halolamina salina,GCF_042678005.1,ASM4267800v1
Haloplanus litoreus,GCF_042663605.1,ASM4266360v1
Haloferax chudinovii,GCF_042663345.1,ASM4266334v1
Haloferax namakaokahaiae,GCF_042663225.1,ASM4266322v1
Halopelagius fulvigenes,GCF_042662625.1,ASM4266262v1
Halorubrum trueperi,GCF_042662525.1,ASM4266252v1
Halopenitus salinus,GCF_042662125.1,ASM4266212v1
Halorubrum tibetense,GCF_042661865.1,ASM4266186v1
Halorubrum glutamatedens,GCF_042657325.1,ASM4265732v1
Halobellus rubicundus,GCF_041477585.1,ASM4147758v1
Halorubrum miltondacostae,GCF_041379815.1,ASM4137981v1
Natrarchaeobius versutus,GCF_041205745.1,ASM4120574v1
Haloarcula japonica,GCF_039545195.1,ASM3954519v1
Natronoarchaeum mannanilyticum,GCF_039522665.1,ASM3952266v1
Halorubrum ejinorense,GCF_039522565.1,ASM3952256v1
Halarchaeum salinum,GCF_039520965.1,ASM3952096v1
Halalkalicoccus tibetensis,GCF_037996645.1,ASM3799664v1
Salinibaculum salinum,GCF_037645885.1,ASM3764588v1
Halalkalicoccus ordinarius,GCF_037081715.1,ASM3708171v1
Halorubellus litoreus,GCF_037081675.1,ASM3708167v1
Haloarcula brevis,GCF_037078405.1,ASM3707840v1
Halobellus salinisoli,GCF_037031285.1,ASM3703128v1
Halorientalis halophila,GCF_037031225.1,ASM3703122v1
Natronomonas amylolytica,GCF_037031205.1,ASM3703120v1
Halobacterium yunchengense,GCF_037031165.1,ASM3703116v1
Halalkalicoccus salilacus,GCF_036584055.1,ASM3658405v1
Natronorarus salvus,GCF_036429475.1,ASM3642947v1
Haloarcula montana,GCF_035666295.1,ASM3566629v1
Haloarcula sediminis,GCF_035656455.1,ASM3565645v1
Halorarum halobium,GCF_032116555.1,ASM3211655v1
Halobellus marinus,GCF_032113415.1,ASM3211341v1
Halovalidus salilacus,GCF_031852275.1,ASM3185227v1
Halobellus ordinarius,GCF_031823395.1,ASM3182339v1
Halogeometricum luteum,GCF_031624635.1,ASM3162463v1
Haloarcula onubensis,GCF_031624605.1,ASM3162460v1
Halogeometricum salsisoli,GCF_031624495.1,ASM3162449v1
Haloarcula saliterrae,GCF_031624395.1,ASM3162439v1
Haloarcula terrestris,GCF_031624315.1,ASM3162431v1
Haloarcula argentinensis,GCF_031624295.1,ASM3162429v1
Natrinema thermotolerans,GCF_031165565.1,ASM3116556v1
Natronococcus wangiae,GCF_030734285.1,ASM3073428v1
Salinirarus marinus,GCF_030734185.1,ASM3073418v1
Halomarina ordinaria,GCF_030553305.1,ASM3055330v1
Salinibaculum rarum,GCF_030505615.1,ASM3050561v1
Halobaculum lipolyticum,GCF_030127165.1,ASM3012716v1
Halobaculum halobium,GCF_030127145.1,ASM3012714v1
Halobaculum litoreum,GCF_030127125.1,ASM3012712v1
Haloarcula pelagica,GCF_030127105.1,ASM3012710v1
Halobacterium rubrum,GCF_029872365.1,ASM2987236v1
Halospeciosus flavus,GCF_029814175.1,ASM2981417v1
Natrinema salsiterrestre,GCF_029502005.1,ASM2950200v1
Halobaculum limi,GCF_029490015.1,ASM2949001v1
Halomarina halobia,GCF_029338575.1,ASM2933857v1
Halobaculum marinum,GCF_029338555.1,ASM2933855v1
Haloglomus litoreum,GCF_029338515.1,ASM2933851v1
Halorussus caseinilyticus,GCF_029338395.1,ASM2933839v1
Halorussus lipolyticus,GCF_029338375.1,ASM2933837v1
Halosegnis marinus,GCF_029338355.1,ASM2933835v1
Halomontanus rarus,GCF_029338335.1,ASM2933833v1
Haloarcula regularis,GCF_029338315.1,ASM2933831v1
Haloarcula ordinaria,GCF_029338275.1,ASM2933827v1
Haloarcula halobia,GCF_029338255.1,ASM2933825v1
Haloarcula rara,GCF_029338235.1,ASM2933823v1
Haloarcula litorea,GCF_029338195.1,ASM2933819v1
Haloarcula halophila,GCF_029278565.1,ASM2927856v1
Halosimplex aquaticum,GCF_028747785.1,ASM2874778v1
Helicobacter cinaedi,GCF_000284635.1,ASM28463v1
Glaesserella parasuis,GCF_017352235.1,ASM1735223v1
Histophilus somni,GCF_000019405.1,ASM1940v1
Helicobacter suis,GCF_013374215.1,ASM1337421v1
Klebsiella aerogenes,GCF_019048125.1,ASM1904812v1
Kingella kingae,GCF_900475905.1,49595_E01
Leptospira interrogans,GCF_002073495.2,ASM207349v2
Leptospira cinconiae,GCF_040833995.1,ASM4083399v1
Leptospira ellisii,GCF_002811955.2,ASM281195v2
Leptospira limi,GCF_026151395.1,ASM2615139v1
Leptospira paudalimensis,GCF_026151345.1,ASM2615134v1
Leptospira soteropolitanensis,GCF_026151335.1,ASM2615133v1
Leptospira kobayashii,GCF_003114835.2,ASM311483v3
Leptospira sanjuanensis,GCF_022267325.1,ASM2226732v1
Leptospira ainlahdjerensis,GCF_016919175.1,ASM1691917v1
Leptospira chreensis,GCF_016919165.1,ASM1691916v1
Leptospira ainazelensis,GCF_016918785.1,ASM1691878v1
Leptospira abararensis,GCF_016918735.1,ASM1691873v1
Leptospira weilii,GCF_006874765.1,ASM687476v1
Leptospira fluminis,GCF_004771275.1,ASM477127v1
Leptospira ilyithenensis,GCF_004771005.1,ASM477100v1
Leptospira idonii,GCF_004770995.1,ASM477099v1
Leptospira dzoumogneensis,GCF_004770895.1,ASM477089v1
Leptospira noumeaensis,GCF_004770765.1,ASM477076v1
Leptospira ognonensis,GCF_004770745.1,ASM477074v1
Leptospira langatensis,GCF_004770615.1,ASM477061v1
Leptospira wolffii,GCF_004770635.1,ASM477063v1
Leptospira bouyouniensis,GCF_004770625.1,ASM477062v1
Leptospira bandrabouensis,GCF_004770555.1,ASM477055v1
Leptospira mtsangambouensis,GCF_004770475.1,ASM477047v1
Leptospira vanthielii,GCF_004770365.1,ASM477036v1
Leptospira congkakensis,GCF_004770265.1,ASM477026v1
Leptospira bourretii,GCF_004770145.1,ASM477014v1
Leptospira gomenensis,GCF_004770155.1,ASM477015v1
Leptospira andrefontaineae,GCF_004770105.1,ASM477010v1
Leptospira semungkisensis,GCF_004770055.1,ASM477005v1
Leptospira montravelensis,GCF_004770045.1,ASM477004v1
Leptospira jelokensis,GCF_004769775.1,ASM476977v1
Leptospira kemamanensis,GCF_004769665.1,ASM476966v1
Leptospira sarikeiensis,GCF_004769615.1,ASM476961v1
Leptospira perdikensis,GCF_004769575.1,ASM476957v1
Leptospira koniambonensis,GCF_004769555.1,ASM476955v1
Leptospira selangorensis,GCF_004769405.1,ASM476940v1
Leptospira brenneri,GCF_004769295.1,ASM476929v1
Leptospira yanagawae,GCF_004769275.1,ASM476927v1
Leptospira kanakyensis,GCF_004769235.1,ASM476923v1
Leptospira fletcheri,GCF_004769195.1,ASM476919v1
Leptospira meyeri,GCF_004368965.1,ASM436896v1
Leptospira mayottensis,GCF_000306675.2,ASM30667v3
Leptospira kmetyi,GCF_003722295.1,ASM372229v1
Leptospira yasudae,GCF_003545925.1,ASM354592v1
Leptospira stimsonii,GCF_003545885.1,ASM354588v1
Leptospira borgpetersenii,GCF_003516145.1,ASM351614v1
Leptospira ryugenii,GCF_003114855.1,ASM311485v1
Leptospira ellinghausenii,GCF_003114815.1,ASM311481v1
Leptospira johnsonii,GCF_003112675.1,ASM311267v1
Leptospira neocaledonica,GCF_002812205.1,ASM281220v1
Leptospira levettii,GCF_002812085.1,ASM281208v1
Leptospira haakeii,GCF_002812045.1,ASM281204v1
Leptospira adleri,GCF_002811985.1,ASM281198v1
Leptospira harrisiae,GCF_002811945.1,ASM281194v1
Leptospira barantonii,GCF_002811925.1,ASM281192v1
Leptospira perolatii,GCF_002811875.1,ASM281187v1
Leptospira saintgironsiae,GCF_002811765.1,ASM281176v1
Leptospira hartskeerlii,GCF_002811475.1,ASM281147v1
Leptospira venezuelensis,GCF_002150035.1,ASM215003v1
Leptospira tipperaryensis,GCF_001729245.1,ASM172924v1
Leptospira fainei,GCF_000306235.2,gls454058v2.0
Leptospira wolbachii,GCF_000332515.2,gls454195v02
Leptospira terpstrae,GCF_000332495.1,gls454203v02
Leptospira alstonii,GCF_000347175.1,gls454194v01
Leptospira santarosai,GCF_000313175.2,ASM31317v2
Leptospira licerasiae,GCF_000526875.1,ASM52687v1
Leptospira noguchii,GCF_000306255.2,gls454059v02
Leptospira alexanderi,GCF_000243815.2,gls454062v02
Leptospira broomii,GCF_000243715.2,gls454050v02
Leptospira inadai,GCF_000243675.2,gls454047v02
Leptospira biflexa,GCF_000017685.1,ASM1768v1
Leptospira kirschneri,GCF_000243695.2,gls454049v02
Lactococcus garvieae,GCF_016026695.1,ASM1602669v1
Candidatus Liberibacter brunswickensis,GCF_036858155.1,ASM3685815v1
Candidatus Liberibacter asiaticus,GCF_000590865.3,ASM59086v3
Liberibacter crescens,GCF_001543305.1,ASM154330v1
Candidatus Liberibacter africanus,GCF_001021085.1,ASM102108v1
Candidatus Liberibacter solanacearum,GCF_000183665.1,ASM18366v1
Candidatus Liberibacter americanus,GCF_000496595.1,ASM49659v1
Listeria monocytogenes,GCF_000196035.1,ASM19603v1
Ligilactobacillus salivarius,GCF_035231985.1,ASM3523198v1
Mycobacteroides abscessus,GCF_000069185.1,ASM6918v1
Mycoplasma amphoriforme,GCF_000723365.1,MAM001
Mycoplasma anserisalpingitidis,GCF_007859615.1,ASM785961v1
Mycoplasmopsis bovis,GCF_000183385.1,ASM18338v1
Macrococcoides caseolyticum,GCF_016028795.1,ASM1602879v1
Moraxella catarrhalis,GCF_002080125.1,ASM208012v1
Mycoplasmoides gallisepticum,GCF_900476085.1,50569_G01
Mycoplasmoides genitalium,GCF_040556925.1,ASM4055692v1
Mannheimia haemolytica,GCF_002285575.1,ASM228557v1
Mesomycoplasma hyopneumoniae,GCF_000008205.1,ASM820v1
Malacoplasma iowae,GCF_900660615.1,51670_F01-3
Morganella morganii,GCF_006094455.1,ASM609445v1
Melissococcus plutonius,GCF_003966875.1,ASM396687v1
Mammaliicoccus sciuri,GCF_900474615.1,40295_D02
Mycoplasmopsis synoviae,GCF_000969765.1,ASM96976v1
Mycobacterium hainanense,GCF_041890355.1,HNNTM2301
Mycobacterium europaeum,GCF_034555895.2,ASM3455589v2
Mycobacterium riyadhense,GCF_963853645.1,MriyDSM45176v1
Mycobacterium pumcae,GCF_031583025.2,ASM3158302v2
Mycobacterium servetii,GCF_041206865.1,ASM4120686v1
Mycobacterium avium,GCF_022175585.2,ASM2217558v2
Candidatus Mycobacterium wuenschmannii,GCF_030252325.1,ASM3025232v1
Mycobacterium hippophais,GCF_027529605.1,ASM2752960v1
Mycobacterium pinniadriaticum,GCF_026242035.1,ASM2624203v1
Mycobacterium kiyosense,GCF_026011875.1,ASM2601187v1
Mycobacterium paraense,GCF_025823385.1,ASM2582338v1
Mycobacterium montefiorense,GCF_025823255.1,ASM2582325v1
Mycobacterium yunnanensis,GCF_025823185.1,ASM2582318v1
Mycobacterium paraffinicum,GCF_025822865.1,ASM2582286v1
Mycobacterium barrassiae,GCF_025822765.1,ASM2582276v1
Mycobacterium hackensackense,GCF_025822555.1,ASM2582255v1
Mycobacterium angelicum,GCF_025822405.1,ASM2582240v1
Mycobacterium intermedium,GCF_025822065.1,ASM2582206v1
Mycobacterium timonense,GCF_025821985.1,ASM2582198v1
Mycobacterium deserti,GCF_025345615.1,ASM2534561v1
Mycobacterium paraterrae,GCF_022430545.2,ASM2243054v2
Mycobacterium lentiflavum,GCF_022374895.2,ASM2237489v2
Candidatus Mycobacterium methanotrophicum,GCF_023515995.1,ASM2351599v1
Mycobacterium lepromatosis,GCF_000975265.2,ASM97526v2
Mycobacterium ostraviense,GCF_021183725.1,ASM2118372v1
Mycobacterium senriense,GCF_019668465.1,ASM1966846v1
Mycobacterium malmoense,GCF_019645855.1,ASM1964585v1
Mycobacterium spongiae,GCF_018278905.1,ASM1827890v1
Mycobacterium camsae,GCF_017086405.1,ASM1708640v1
Mycobacterium heckeshornense,GCF_016861545.1,ASM1686154v1
Mycobacterium simulans,GCF_900232995.1,PRJEB22891
Mycobacterium kubicae,GCF_014263315.1,ASM1426331v1
Mycobacterium vicinigordonae,GCF_013466425.1,ASM1346642v1
Mycobacterium mantenii,GCF_010731775.1,ASM1073177v1
Mycobacterium stomatepiae,GCF_010731715.1,ASM1073171v1
Mycobacterium paraseoulense,GCF_010731655.1,ASM1073165v1
Mycobacterium noviomagense,GCF_010731635.1,ASM1073163v1
Mycobacterium seoulense,GCF_010731595.1,ASM1073159v1
Mycobacterium lacus,GCF_010731535.1,ASM1073153v1
Mycobacterium heidelbergense,GCF_010730745.1,ASM1073074v1
Mycobacterium parmense,GCF_010730575.1,ASM1073057v1
Mycobacterium florentinum,GCF_010730355.1,ASM1073035v1
Mycobacterium conspicuum,GCF_010730195.1,ASM1073019v1
Mycobacterium shinjukuense,GCF_010730055.1,ASM1073005v1
Mycobacterium saskatchewanense,GCF_010729105.1,ASM1072910v1
Mycobacterium branderi,GCF_010728725.1,ASM1072872v1
Mycobacterium shottsii,GCF_010728525.1,ASM1072852v1
Mycobacterium cookii,GCF_010727945.1,ASM1072794v1
Mycobacterium simiae,GCF_010727605.1,ASM1072760v1
Mycobacterium gallinarum,GCF_010726765.1,ASM1072676v1
Mycobacterium novum,GCF_010726505.1,ASM1072650v1
Mycobacterium bourgelatii,GCF_010723575.1,ASM1072357v1
Mycobacterium botniense,GCF_010723305.1,ASM1072330v1
Mycobacterium helveticum,GCF_007714185.1,ASM771418v1
Mycobacterium tilburgii,GCF_902168065.1,PRJEB33515
Mycobacterium basiliense,GCF_900292015.1,MB901379
Mycobacterium attenuatum,GCF_900566085.1,LAUMK41
Mycobacterium innocens,GCF_900566055.1,LAUMK13
Mycobacterium pseudokansasii,GCF_900566075.1,MK142
Mycobacterium paragordonae,GCF_003614435.1,ASM361443v1
Mycobacterium pseudoshottsii,GCF_003584745.1,ASM358474v1
Mycobacterium uberis,GCF_003408705.1,ASM340870v1
Mycobacterium shimoidei,GCF_900417275.1,PRJEB26812
Mycobacterium xenopi,GCF_900453395.1,53750_B01
Mycobacterium kyogaense,GCF_003254575.1,ASM325457v1
Mycobacterium leprae,GCF_003253775.1,ASM325377v1
Mycobacterium ahvazicum,GCF_900176255.2,PRJEB20293
Mycobacterium hubeiense,GCF_002838065.1,ASM283806v1
Mycobacterium neglectum,GCF_002591975.1,ASM259197v1
Mycobacterium interjectum,GCF_900078675.2,PRJEB13236
Mycobacterium shigaense,GCF_002356315.1,ASM235631v1
Mycobacterium ulcerans,GCF_002355775.1,ASM235577v1
Mycobacterium marseillense,GCF_002285715.1,ASM228571v1
Mycobacterium neumannii,GCF_002245615.1,ASM224561v1
Mycobacterium dioxanotrophicus,GCF_002157835.1,ASM215783v1
Mycobacterium szulgai,GCF_002116635.1,ASM211663v1
Mycobacterium decipiens,GCF_002104675.1,ASM210467v1
Mycobacterium nebraskense,GCF_002102255.1,ASM210225v1
Mycobacterium sherrisii,GCF_002102355.1,ASM210235v1
Mycobacterium triplex,GCF_002102415.1,ASM210241v1
Mycobacterium gastri,GCF_002102175.1,ASM210217v1
Mycobacterium fragae,GCF_002102185.1,ASM210218v1
Mycobacterium gordonae,GCF_002101675.1,ASM210167v1
Mycobacterium bohemicum,GCF_002102025.1,ASM210202v1
Mycobacterium palustre,GCF_002101785.1,ASM210178v1
Mycobacterium kyorinense,GCF_002101735.1,ASM210173v1
Mycobacterium celatum,GCF_002101595.1,ASM210159v1
Mycobacterium persicum,GCF_002086915.1,ASM208691v1
Mycobacterium scrofulaceum,GCF_002086735.1,ASM208673v1
Mycobacterium alsense,GCF_002086635.1,ASM208663v1
Mycobacterium asiaticum,GCF_002086545.1,ASM208654v1
Mycobacterium aquaticum,GCF_002086485.1,ASM208648v1
Mycobacterium bouchedurhonense,GCF_002086165.1,ASM208616v1
Mycobacterium arosiense,GCF_002086125.1,ASM208612v1
Mycobacterium numidiamassiliense,GCF_900157365.1,PRJEB19151
Mycobacterium rhizamassiliense,GCF_900157375.1,PRJEB19165
Mycobacterium terramassiliense,GCF_900157385.1,PRJEB19184
Mycobacterium syngnathidarum,GCF_001942625.1,ASM194262v1
Mycobacterium talmoniae,GCF_001854525.1,ASM185452v1
Mycobacterium adipatum,GCF_001644575.1,ASM164457v1
Neisseria leonii,GCF_028776105.2,ASM2877610v2
Neisseria oralis,GCF_045062685.1,ASM4506268v1
Neisseria weixii,GCF_042658245.1,ASM4265824v1
Neisseria perflava,GCF_041433205.1,ASM4143320v1
Neisseria musculi,GCF_014297595.2,ASM1429759v2
Neisseria polysaccharea,GCF_963392925.1,M-198
Neisseria viridiae,GCF_962747945.1,M-101
Neisseria blantyrii,GCF_962747855.1,M-216
Neisseria uirgultaei,GCF_962719845.1,12_17465_XS2_1
Neisseria basseii,GCF_962707005.1,G97_1402
Neisseria bergeri,GCF_962704615.1,02_01070_XS1_1
Neisseria benedictiae,GCF_958267435.1,M-091
Neisseria maigaei,GCF_958267405.1,02_01105_XS1_1
Neisseria lisongii,GCF_028463985.1,ASM2846398v1
Neisseria montereyensis,GCF_024834045.1,ASM2483404v1
Neisseria arctica,GCF_022870905.1,ASM2287090v1
Neisseria dumasiana,GCF_022870885.1,ASM2287088v1
Neisseria macacae,GCF_022749495.1,ASM2274949v1
Neisseria sicca,GCF_017753665.1,ASM1775366v1
Neisseria yangbaofengii,GCF_014898075.1,ASM1489807v1
Neisseria bacilliformis,GCF_014055025.1,ASM1405502v1
Neisseria dentiae,GCF_014055005.1,ASM1405500v1
Neisseria shayeganii,GCF_014054965.1,ASM1405496v1
Neisseria wadsworthii,GCF_014054885.1,ASM1405488v1
Neisseria brasiliensis,GCF_009671065.1,ASM967106v1
Neisseria zalophi,GCF_008807015.1,ASM880701v1
Neisseria animalis,GCF_008806995.1,ASM880699v1
Neisseria subflava,GCF_005221305.1,ASM522130v1
Neisseria flavescens,GCF_005221285.1,ASM522128v1
Neisseria weaveri,GCF_900638685.1,58882_C02
Neisseria animaloris,GCF_900637855.1,52683_F03
Neisseria canis,GCF_900636765.1,44503_A02
Neisseria elongata,GCF_900453895.1,42925_E01
Neisseria lactamica,GCF_003351565.1,ASM335156v1
Neisseria cinerea,GCF_900475315.1,43721_G02
Neisseria mucosa,GCF_003044445.1,ASM304444v1
Neisseria iguanae,GCF_003013245.1,ASM301324v1
Neisseria zoodegmatis,GCF_900187305.1,51470_F02
Neisseria chenwenguii,GCF_002216145.1,ASM221614v1
Ornithobacterium rhinotracheale,GCF_000265465.1,ASM26546v1
Orientia tsutsugamushi,GCF_900327255.1,UT76
Cutibacterium acnes,GCF_006739385.1,ASM673938v1
Photobacterium damselae,GCF_038086725.1,ASM3808672v1
Pseudomonas fluorescens,GCF_900215245.1,IMG-taxon 2617270901 annotated assembly
Porphyromonas gingivalis,GCF_000010505.1,ASM1050v1
Paenibacillus larvae,GCF_002951935.1,ASM295193v1
Pasteurella multocida,GCF_002073255.2,ASM207325v2
Pediococcus pentosaceus,GCF_000014505.1,ASM1450v1
Pseudomonas putida,GCF_000412675.1,ASM41267v1
Proteus mirabilis,GCF_000069965.1,ASM6996v1
Providencia stuartii,GCF_035747985.1,ASM3574798v1
Piscirickettsia salmonis,GCF_009708955.1,ASM970895v1
Riemerella anatipestifer,GCF_000183155.1,ASM18315v1
Prescottella equi,GCF_003013675.1,ASM301367v1
Streptococcus equinus,GCF_049393805.1,ASM4939380v1
Streptococcus canis,GCF_900636575.1,42912_C01
Staphylococcus capitis,GCF_040739365.1,DSM6717
Staphylococcus chromogenes,GCF_007814525.1,ASM781452v1
Streptococcus dysgalactiae,GCF_016128095.1,ASM1612809v1
Staphylococcus epidermidis,GCF_006094375.1,ASM609437v1
Streptococcus gallolyticus,GCF_013267695.1,ASM1326769v1
Staphylococcus haemolyticus,GCF_006094395.1,ASM609439v1
Shewanella chilikensis,GCF_037953065.1,ASM3795306v1
Shewanella mytili,GCF_046765975.1,ASM4676597v1
Shewanella submarina,GCF_042646185.1,ASM4264618v1
Shewanella youngdeokensis,GCF_033180165.1,ASM3318016v1
Shewanella indica,GCF_033842865.1,ASM3384286v1
Shewanella vaxholmensis,GCF_031932135.1,ASM3193213v1
Shewanella scandinavica,GCF_031932065.1,ASM3193206v1
Shewanella oncorhynchi,GCF_030848765.1,ASM3084876v1
Shewanella goraebulensis,GCF_030252245.1,ASM3025224v1
Shewanella metallivivens,GCF_028750675.1,ASM2875067v1
Shewanella subflava,GCF_025971955.1,ASM2597195v1
Shewanella phaeophyticola,GCF_025398315.1,ASM2539831v1
Shewanella septentrionalis,GCF_025370265.1,ASM2537026v1
Shewanella holmiensis,GCF_025370255.1,ASM2537025v1
Shewanella xiamenensis,GCF_024971755.1,ASM2497175v1
Shewanella aquimarina,GCF_023349185.1,ASM2334918v1
Shewanella fodinae,GCF_023349145.1,ASM2334914v1
Shewanella corallii,GCF_023349125.1,ASM2334912v1
Shewanella gaetbuli,GCF_023284065.1,ASM2328406v1
Shewanella kaireitica,GCF_023284045.1,ASM2328404v1
Shewanella abyssi,GCF_023284025.1,ASM2328402v1
Shewanella surugensis,GCF_023284005.1,ASM2328400v1
Shewanella electrodiphila,GCF_023283985.1,ASM2328398v1
Shewanella gelidimarina,GCF_023283945.1,ASM2328394v1
Shewanella pneumatophori,GCF_023283895.1,ASM2328389v1
Shewanella basaltis,GCF_023283885.1,ASM2328388v1
Shewanella marinintestina,GCF_023283845.1,ASM2328384v1
Shewanella olleyana,GCF_023283825.1,ASM2328382v1
Shewanella seohaensis,GCF_023283775.1,ASM2328377v1
Shewanella profunda,GCF_023283765.1,ASM2328376v1
Shewanella dokdonensis,GCF_023283565.1,ASM2328356v1
Shewanella glacialipiscicola,GCF_023283485.1,ASM2328348v1
Shewanella zhuhaiensis,GCF_022484835.1,ASM2248483v1
Shewanella cutis,GCF_022410515.1,ASM2241051v1
Shewanella electrica,GCF_022321485.1,ASM2232148v1
Shewanella glacialimarina,GCF_020511155.1,ASM2051115v1
Shewanella eurypsychrophilus,GCF_007004545.3,ASM700454v3
Shewanella inventionis,GCF_019931735.1,ASM1993173v1
Shewanella carassii,GCF_019670705.1,ASM1967070v1
Shewanella hafniensis,GCF_019655335.1,ASM1965533v1
Shewanella sairae,GCF_019655015.1,ASM1965501v1
Shewanella nanhaiensis,GCF_019457885.1,ASM1945788v1
Shewanella rhizosphaerae,GCF_019457655.1,ASM1945765v1
Shewanella mangrovisoli,GCF_019457635.1,ASM1945763v1
Shewanella zhangzhouensis,GCF_019457615.1,ASM1945761v1
Shewanella psychrotolerans,GCF_019457595.1,ASM1945759v1
Shewanella alkalitolerans,GCF_019457575.1,ASM1945757v1
Shewanella spartinae,GCF_019457555.1,ASM1945755v1
Shewanella halotolerans,GCF_019457535.1,ASM1945753v1
Shewanella mesophila,GCF_019457515.1,ASM1945751v1
Shewanella aegiceratis,GCF_019457495.1,ASM1945749v1
Shewanella acanthi,GCF_019457475.1,ASM1945747v1
Shewanella jiangmenensis,GCF_018596335.1,ASM1859633v1
Shewanella yunxiaonensis,GCF_018223345.1,ASM1822334v1
Shewanella intestini,GCF_018221465.1,ASM1822146v1
Shewanella algae,GCF_009183365.2,ASM918336v2
Shewanella cyperi,GCF_017354985.1,ASM1735498v1
Shewanella sedimentimangrovi,GCF_017354965.1,ASM1735496v1
Shewanella avicenniae,GCF_017354945.1,ASM1735494v1
Shewanella litorisediminis,GCF_016834455.1,ASM1683445v1
Shewanella schlegeliana,GCF_016765635.1,ASM1676563v1
Shewanella putrefaciens,GCF_016406325.1,ASM1640632v1
Shewanella benthica,GCF_015069875.1,ASM1506987v1
Shewanella litoralis,GCF_014648335.1,ASM1464833v1
Shewanella ulleungensis,GCF_014648315.1,ASM1464831v1
Shewanella saliphila,GCF_014648295.1,ASM1464829v1
Shewanella algicola,GCF_014648035.1,ASM1464803v1
Shewanella gelidii,GCF_014647855.1,ASM1464785v1
Shewanella aestuarii,GCF_014647215.1,ASM1464721v1
Shewanella salipaludis,GCF_012911865.1,ASM1291186v1
Shewanella vesiculosa,GCF_009994065.1,ASM999406v1
Shewanella insulae,GCF_009831655.1,ASM983165v1
Shewanella donghaensis,GCF_007567505.1,ASM756750v1
Shewanella hanedai,GCF_007197645.1,ASM719764v1
Shewanella psychropiezotolerans,GCF_007197555.1,ASM719755v1
Shewanella polaris,GCF_006385555.1,ASM638555v1
Shewanella decolorationis,GCF_004354305.1,ASM435430v1
Shewanella maritima,GCF_004295345.1,ASM429534v1
Shewanella atlantica,GCF_003966265.1,ASM396626v1
Shewanella canadensis,GCF_003966225.1,ASM396622v1
Shewanella khirikhana,GCF_003957745.1,ASM395774v1
Shewanella livingstonensis,GCF_003855395.1,ASM385539v1
Shewanella psychromarinicola,GCF_003855155.1,ASM385515v1
Shewanella algidipiscicola,GCF_900380485.1,ERP106791_PRJEB24924
Shewanella morhuae,GCF_003028295.1,ASM302829v1
Shewanella marisflavi,GCF_002215585.1,ASM221558v1
Shewanella japonica,GCF_002075795.1,ASM207579v1
Shewanella psychrophila,GCF_002005305.1,ASM200530v1
Shewanella colwelliana,GCF_001735525.1,ASM173552v1
Shewanella oneidensis,GCF_000146165.2,ASM14616v2
Shewanella baltica,GCF_000178875.2,ASM17887v2
Shewanella mangrovi,GCF_000753795.1,ASM75379v1
Shewanella violacea,GCF_000091325.1,ASM9132v1
Shewanella marina,GCF_000614975.1,ASM61497v1
Shewanella waksmanii,GCF_000518805.1,ASM51880v1
Shewanella fidelis,GCF_000518605.1,ASM51860v1
Shewanella woodyi,GCF_000019525.1,ASM1952v1
Shewanella halifaxensis,GCF_000019185.1,ASM1918v1
Shewanella pealeana,GCF_000018285.1,ASM1828v1
Shewanella sediminis,GCF_000018025.1,ASM1802v1
Staphylococcus hominis,GCF_003812505.1,ASM381250v1
Streptococcus iniae,GCF_000831485.1,ASM83148v1
Sinorhizobium meliloti,GCF_037023865.1,ASM3702386v1
Stenotrophomonas maltophilia,GCF_020641395.2,ASM2064139v2
Streptococcus mitis,GCF_001281025.1,ASM128102v1
Streptococcus parasuis,GCF_021654455.1,ASM2165445v1
Streptococcus suis,GCF_000026745.1,ASM2674v1
Staphylococcus lugdunensis,GCF_001558775.1,ASM155877v1
Streptococcus thermophilus,GCF_903886475.1,Streptococcus_thermophilus_CIRM_65
Streptomyces rosealbus,GCF_052936015.1,119423
Streptomyces ipomoeae,GCF_051122705.1,NRRL12321_Sip_hyb
Streptomyces huangiella,GCF_050871185.1,ASM5087118v1
Streptomyces manipurensis,GCF_049570255.1,ASM4957025v1
Streptomyces boninensis,GCF_048572725.1,ASM4857272v1
Streptomyces tritici,GCF_048500665.1,ASM4850066v1
Streptoverticillium reticulum,GCF_047456005.1,ASM4745600v1
Streptomyces mutabilis,GCF_046628145.1,ASM4662814v1
Streptomyces flavusporus,GCF_046267975.1,ASM4626797v1
Streptomyces stoeckheimensis,GCF_045822005.1,57575
Streptomyces sirii,GCF_045690365.1,GCF_SSir_1.0
Streptomyces okerensis,GCF_045519255.1,57573
Streptomyces solicamelliae,GCF_045348655.1,ASM4534865v1
Streptomyces althioticus,GCF_045276965.1,ASM4527696v1
Streptomyces thermoviolaceus,GCF_045209695.1,ASM4520969v1
Streptomyces decoyicus,GCF_045208505.1,ASM4520850v1
Streptomyces halstedii,GCF_045207185.1,ASM4520718v1
Streptomyces prunicolor,GCF_045162825.1,ASM4516282v1
Streptomyces antimycoticus,GCF_045161845.1,ASM4516184v1
Streptomyces avidinii,GCF_045161815.1,ASM4516181v1
Streptomyces achromogenes,GCF_045160875.1,ASM4516087v1
Streptomyces coelicoflavus,GCF_045041415.1,ASM4504141v1
Streptomyces purpurascens,GCF_045040895.1,ASM4504089v1
Streptomyces albidoflavus,GCF_045039635.1,ASM4503963v1
Streptomyces gougerotii,GCF_045039555.1,ASM4503955v1
Streptomyces thermolineatus,GCF_044987285.1,ASM4498728v1
Streptomyces iranensis,GCF_042466515.1,ASM4246651v1
Streptomyces luteireticuli,GCF_041519305.1,ASM4151930v1
Streptomyces secundicynarae,GCF_040782645.1,ASM4078264v1
Streptomyces phytohabitans,GCF_040746085.1,ASM4074608v1
Streptomyces tabacisoli,GCF_040529335.1,ASM4052933v1
Streptomyces netropsis,GCF_037414505.1,Str_netropsis_B-235_v1
Streptomyces hygroscopicus,GCF_037126205.1,ASM3712620v1
Streptomyces citrinus,GCF_036967205.1,ASM3696720v1
Streptomyces sediminicola,GCF_036607905.1,ASM3660790v1
Streptomyces yongxingensis,GCF_055597465.1,ASM5559746v1
Streptomyces malachitofuscus,GCF_055571035.1,ASM5557103v1
Streptomyces mayteni,GCF_054783955.1,ASM5478395v1
Streptomyces pseudoechinosporeus,GCF_054783935.1,ASM5478393v1
Streptomyces deserti,GCF_054782695.1,ASM5478269v1
Streptomyces daliensis,GCF_054782395.1,ASM5478239v1
Streptomyces capparidis,GCF_054782095.1,ASM5478209v1
Streptomyces sparsus,GCF_054776295.1,ASM5477629v1
Streptomyces sundarbansensis,GCF_054602395.1,ASM5460239v1
Streptomyces altiplanensis,GCF_053591575.1,ASM5359157v1
Streptomyces atroolivaceus,GCF_964020845.1,ASM3NB17S
Streptomyces mitragynae,GCF_053555975.1,ASM5355597v1
Streptomyces hebeiensis,GCF_052983195.1,ASM5298319v1
Streptomyces hypolithicus,GCF_052934925.1,ASM5293492v1
Streptomyces graminifolii,GCF_052828665.1,ASM5282866v1
Streptomyces cyslabdanicus,GCF_052663305.1,ASM5266330v1
Streptomyces hayashii,GCF_052543575.1,ASM5254357v1
Streptomyces griseorubens,GCF_051201135.1,ASM5120113v1
Streptomyces scabiei,GCF_051172975.1,ASM5117297v1
Streptomyces acidiscabies,GCF_051172935.1,ASM5117293v1
Streptomyces caniscabiei,GCF_051171815.1,ASM5117181v1
Streptomyces auratus,GCF_050433025.1,ASM5043302v1
Streptomyces nidicola,GCF_050106155.1,ASM5010615v1
Streptomyces krungchingensis,GCF_050018475.1,ASM5001847v1
Streptomyces fractus,GCF_049844455.1,ASM4984445v1
Streptomyces lavendulocolor,GCF_049538775.1,ASM4953877v1
Streptomyces anthophorae,GCF_049310305.1,ASM4931030v1
Streptomyces tritrimontium,GCF_049310105.1,ASM4931010v1
Streptomyces echiniscabiei,GCF_049239225.1,ASM4923922v1
Streptomyces soliscabiei,GCF_049239045.1,ASM4923904v1
Streptomyces flavimicrosus,GCF_047946805.1,ASM4794680v1
Streptomyces lothianensis,GCF_047779955.1,ASM4777995v1
Streptomyces lacaronensis,GCF_047337785.1,ASM4733778v1
Streptomyces sediminimaris,GCF_047049295.1,ASM4704929v1
Streptomyces gramineus,GCF_046718965.1,ASM4671896v1
Streptomyces nanhaiensis,GCF_046614825.1,ASM4661482v1
Streptomyces atacamensis,GCF_046614805.1,ASM4661480v1
Streptomyces sparsogenes,GCF_044903365.1,ASM4490336v1
Streptomyces albogriseolus,GCF_044901485.1,ASM4490148v1
Streptomyces bacillaris,GCF_044767875.1,ASM4476787v1
Streptomyces flaveolus,GCF_044765825.1,ASM4476582v1
Streptomyces rubiginosohelvolus,GCF_044453005.1,ASM4445300v1
Streptomyces afghaniensis,GCF_044327915.1,ASM4432791v1
Streptomyces antibioticus,GCF_043202155.1,ASM4320215v1
Streptomyces kanasensis,GCF_043077165.1,ASM4307716v1
Streptomyces tricolor,GCF_042956545.1,ASM4295654v1
Streptomyces argenteolus,GCF_042902585.1,ASM4290258v1
Streptomyces cellulosae,GCF_042804095.1,ASM4280409v1
Streptomyces desertarenae,GCF_042681365.1,ASM4268136v1
Streptomyces kaempferi,GCF_042679505.1,ASM4267950v1
Streptomyces caeni,GCF_042678285.1,ASM4267828v1
Streptomyces lutosisoli,GCF_042674645.1,ASM4267464v1
Streptomyces flavalbus,GCF_042674625.1,ASM4267462v1
Streptomyces caviscabies,GCF_042665405.1,ASM4266540v1
Streptomyces monticola,GCF_042665355.1,ASM4266535v1
Streptomyces polyrhachis,GCF_042663125.1,ASM4266312v1
Streptomyces pratens,GCF_042658125.1,ASM4265812v1
Streptomyces coerulescens,GCF_042657965.1,ASM4265796v1
Streptomyces mutomycini,GCF_042657935.1,ASM4265793v1
Streptomyces aureoversilis,GCF_042657885.1,ASM4265788v1
Streptomyces bullii,GCF_042657145.1,ASM4265714v1
Streptomyces gamaensis,GCF_042656465.1,ASM4265646v1
Streptomyces incanus,GCF_042656345.1,ASM4265634v1
Streptomyces chlorus,GCF_042655885.1,ASM4265588v1
Streptomyces xiangluensis,GCF_042654925.1,ASM4265492v1
Streptococcus uberis,GCF_900475595.1,44343_G01
Streptococcus equi,GCF_015689395.1,ASM1568939v1
Taylorella equigenitalis,GCF_900637125.1,48853_G02
Tenacibaculum maritimum,GCF_900119795.1,MARIT_PRJEB17743
Treponema pallidum,GCF_000410535.2,ASM41053v2
Trueperella pyogenes,GCF_001281085.1,ASM128108v1
Trichomonas vaginalis,GCF_026262505.1,NYU_TvagG3_2
Ureaplasma urealyticum,GCF_000169535.1,ASM16953v1
Vibrio sabulosilitoris,GCF_055391395.1,ASM5539139v1
Vibrio sinus,GCF_050870795.1,ASM5087079v1
Vibrio neptunius,GCF_049821495.1,ASM4982149v1
Vibrio mytili,GCF_049563345.1,ASM4956334v1
Vibrio iocasae,GCF_042245395.1,ASM4224539v1
Vibrio scophthalmi,GCF_040869025.1,ASM4086902v1
Vibrio chaetopteri,GCF_040412085.2,ASM4041208v1
Vibrio diazotrophicus,GCF_038452265.1,ASM3845226v1
Vibrio hannami,GCF_051207355.1,ASM5120735v1
Vibrio clamense,GCF_050337905.1,ASM5033790v1
Vibrio kasasachensis,GCF_050337565.1,ASM5033756v1
Vibrio profundum,GCF_050337555.1,ASM5033755v1
Vibrio kagoshimensis,GCF_050337535.1,ASM5033753v1
Vibrio minamisatsumaniensis,GCF_050337445.1,ASM5033744v1
Vibrio satsumensis,GCF_050337435.1,ASM5033743v1
Vibrio makurazakiensis,GCF_050337375.1,ASM5033737v1
Vibrio kyushuensis,GCF_050337325.1,ASM5033732v1
Vibrio wakamikoensis,GCF_050337275.1,ASM5033727v1
Vibrio lamellibrachiae,GCF_050337265.1,ASM5033726v1
Vibrio nomapromontoriensis,GCF_050337205.1,ASM5033720v1
Vibrio cionasavignyae,GCF_050337155.1,ASM5033715v1
Vibrio sinaloensis,GCF_042430465.1,ASM4243046v1
Vibrio olivae,GCF_042428525.1,ASM4242852v1
Vibrio paracholerae,GCF_037672085.1,ASM3767208v1
Vibrio coralliirubri,GCF_036864355.1,ASM3686435v1
Vibrio plantisponsor,GCF_033542615.1,ASM3354261v1
Vibrio metoecus,GCF_030580635.1,ASM3058063v1
Vibrio tapetis,GCF_030409945.1,ASM3040994v1
Vibrio agarivorans,GCF_030400295.1,ASM3040029v1
Vibrio apostichopi,GCF_030297155.1,ASM3029715v1
Vibrio zhanjiangensis,GCF_030161235.1,ASM3016123v1
Vibrio algivorus,GCF_030161215.1,ASM3016121v1
Vibrio harveyi,GCF_030060435.1,ASM3006043v1
Vibrio intestinalis,GCF_025195085.2,ASM2519508v2
Vibrio misgurnus,GCF_029635775.1,ASM2963577v1
Vibrio coralliilyticus,GCF_029541605.1,ASM2954160v1
Vibrio chanodichtyis,GCF_028863985.1,ASM2886398v1
Vibrio aestuarianus,GCF_028858425.1,ASM2885842v1
Vibrio algarum,GCF_028204155.1,ASM2820415v1
Vibrio nigripulchritudo,GCF_027924785.1,ASM2792478v1
Vibrio qingdaonensis,GCF_026191675.1,ASM2619167v1
Vibrio paucivorans,GCF_026191655.1,ASM2619165v1
Vibrio gangliei,GCF_026001925.1,ASM2600192v1
Vibrio japonicus,GCF_024582835.1,ASM2458283v1
Vibrio quintilis,GCF_024529975.1,ASM2452997v1
Vibrio ishigakensis,GCF_024347675.1,ASM2434767v1
Vibrio toranzoniae,GCF_024347655.1,ASM2434765v1
Vibrio tasmaniensis,GCF_024347635.1,ASM2434763v1
Vibrio pomeroyi,GCF_024347595.1,ASM2434759v1
Vibrio pelagius,GCF_024347575.1,ASM2434757v1
Vibrio kanaloae,GCF_024347535.1,ASM2434753v1
Vibrio gallaecicus,GCF_024347495.1,ASM2434749v1
Vibrio fortis,GCF_024347475.1,ASM2434747v1
Vibrio echinoideorum,GCF_024347455.1,ASM2434745v1
Vibrio crassostreae,GCF_024347415.1,ASM2434741v1
Vibrio cortegadensis,GCF_024347395.1,ASM2434739v1
Vibrio chagasii,GCF_024347355.1,ASM2434735v1
Vibrio atlanticus,GCF_024347315.1,ASM2434731v1
Vibrio artabrorum,GCF_024347295.1,ASM2434729v1
Vibrio spartinae,GCF_024347135.1,ASM2434713v1
Vibrio ruber,GCF_024347115.1,ASM2434711v1
Vibrio rhizosphaerae,GCF_024347095.1,ASM2434709v1
Vibrio rarus,GCF_024347075.1,ASM2434707v1
Vibrio porteresiae,GCF_024347055.1,ASM2434705v1
Vibrio pectenicida,GCF_024347015.1,ASM2434701v1
Vibrio palustris,GCF_024346995.1,ASM2434699v1
Vibrio neonatus,GCF_024346975.1,ASM2434697v1
Vibrio mangrovi,GCF_024346955.1,ASM2434695v1
Vibrio inusitatus,GCF_024346935.1,ASM2434693v1
Vibrio gallicus,GCF_024346875.1,ASM2434687v1
Vibrio comitans,GCF_024346835.1,ASM2434683v1
Vibrio breoganii,GCF_024346795.1,ASM2434679v1
Vibrio aerogenes,GCF_024346755.1,ASM2434675v1
Vibrio gazogenes,GCF_023920225.1,ASM2392022v1
Vibrio alginolyticus,GCF_023650915.1,ASM2365091v1
Vibrio methylphosphonaticus,GCF_023634655.1,ASM2363465v1
Vibrio amylolyticus,GCF_023145695.1,ASM2314569v1
Vibrio gelatinilyticus,GCF_022836845.1,ASM2283684v1
Vibrio splendidus,GCF_022812045.1,ASM2281204v1
Vibrio gigantis,GCF_022371215.1,ASM2237121v1
Vibrio stylophorae,GCF_921293875.1,V_stylophorae_CECT7929
Vibrio hippocampi,GCF_921292975.1,V_hippocampi_CECT8226
Vibrio floridensis,GCF_021852965.1,ASM2185296v1
Vibrio marisflavi,GCF_921294215.1,V_marisflavi_CECT7928
Vibrio salinus,GCF_021272385.1,ASM2127238v1
Vibrio lentus,GCF_002877605.2,ASM287760v2
Vibrio penaeicida,GCF_019977755.1,ASM1997775v1
Vibrio alfacsensis,GCF_019670485.1,ASM1967048v1
Vibrio ostreae,GCF_019226825.1,ASM1922682v1
Vibrio ulleungensis,GCF_016900875.1,ASM1690087v1
Vibrio nitrifigilis,GCF_015686695.1,ASM1568669v1
Vibrio fluminensis,GCF_015278125.1,ASM1527812v1
Vibrio hibernica,GCF_015223435.1,ASM1522343v1
Vibrio bathopelagicus,GCF_014879975.1,ASM1487997v1
Vibrio marinisediminis,GCF_014050145.1,ASM1405014v1
Vibrio algicola,GCF_009601765.2,ASM960176v2
Vibrio mediterranei,GCF_013364395.1,ASM1336439v1
Vibrio ostreicida,GCF_013074385.2,ASM1307438v2
Vibrio agarilyticus,GCF_012641465.1,ASM1264146v1
Vibrio chemaguriensis,GCF_012275705.1,ASM1227570v1
Wolbachia endosymbiont of Halictus nicosiae,GCF_978021855.1,wolbachia-iyHalNico6.2
Wolbachia endosymbiont of Dactylopius coccus,GCF_977011065.1,wolbachia-ihDacCocc15.1
Wolbachia endosymbiont of Kerria lacca,GCF_051602725.1,ASM5160272v1
Wolbachia endosymbiont of Zygogramma bicolorata,GCF_051130665.1,wZbi_1.2
Wolbachia endosymbiont of Rhagoletis cingulata,GCF_048537655.1,ASM4853765v1
Wolbachia endosymbiont of Rhagoletis indifferens,GCF_048537595.1,ASM4853759v1
Wolbachia endosymbiont (group B) of Orgyia antiqua,GCF_965178645.1,ilOrgAnti1.Wolbachia_sp_1.1
Wolbachia endosymbiont of Tetranychus urticae,GCF_046529255.1,wTurt
Wolbachia endosymbiont (group A) of Aporus unicolor,GCF_964277365.1,iyApoUnic1.Wolbachia_sp_1.1
Wolbachia endosymbiont (group A) of Therophilus tumidulus,GCF_964277345.1,iyTheTumi1.Wolbachia_sp_1.1
Wolbachia endosymbiont (group A) of Nomada rufipes,GCF_964277465.1,iyNomRufp1.Wolbachia_sp_1.1
Wolbachia endosymbiont (group B) of Myelois circumvoluta,GCF_964277435.1,ilMyeCirc1.Wolbachia_sp_1.1
Wolbachia endosymbiont of Cantharis cryptica,GCF_964277405.1,icCanCryp2.Wolbachia_sp_1.1
Wolbachia endosymbiont (group B) of Ablattaria laevigata,GCF_964277395.1,icAblLaev2.Wolbachia_sp_1.1
Wolbachia endosymbiont (group A) of Melitta haemorrhoidalis,GCF_964273365.1,iyMelHaem1.Wolbachia_sp_1.1
Wolbachia endosymbiont of Liriomyza huidobrensis,GCF_042928915.1,Wolbachia
Wolbachia endosymbiont (group A) of Norellia spinipes,GCF_964273535.1,idNorSpin2.Wolbachia_sp_1.1
Wolbachia endosymbiont of Anurida maritima,GCF_042182995.1,MDX_Wolbachia_wAnu_v1
Wolbachia endosymbiont (group A) of Opomyza germinationis,GCF_964264765.1,idOpoGerm2.Wolbachia_sp_1.1
Wolbachia endosymbiont (group A) of Colletes cunicularius,GCF_964264715.1,iyColCuni1.Wolbachia_sp_1.1
Wolbachia endosymbiont (group A) of Limnophora tigrina,GCF_964263225.1,idLimTigr1.Wolbachia_sp_2.1
Wolbachia endosymbiont (group B) of Limnophora tigrina,GCF_964263235.1,idLimTigr1.Wolbachia_sp_1.1
Wolbachia endosymbiont (group B) of Agriphila inquinatella,GCF_964028545.1,ilAgrInqu1.Wolbachia_sp_1.1
Wolbachia endosymbiont (group A) of Lasioglossum fulvicorne,GCF_964028605.1,iyLasFulv3.Wolbachia_sp_1.1
Wolbachia endosymbiont (group A) of Philanthus triangulum,GCF_964028305.1,iyPhiTria1.Wolbachia_sp_1.1
Wolbachia endosymbiont (group A) of Paraperithous gnathaulax,GCF_964028485.1,iyParGnat1.Wolbachia_sp_1.1
Wolbachia endosymbiont (group A) of Beris morrisii,GCF_964028185.1,idBerMorr1.Wolbachia_sp_1.1
Wolbachia endosymbiont (group A) of Anthophora plumipes,GCF_964028115.1,iyAntPlum1.Wolbachia_sp_1.1
Wolbachia endosymbiont (group A) of Andrena trimmerana,GCF_964028445.1,iyAndTrim1.Wolbachia_sp_1.1
Wolbachia endosymbiont (group B) of Falcaria lacertinaria,GCF_964028595.1,ilFalLace1.Wolbachia_sp_1.1
Wolbachia endosymbiont (group A) of Aleiodes leptofemur,GCF_964028465.1,iyAleLepo1.Wolbachia_sp_1.1
Wolbachia endosymbiont (group A) of Andrena helvola,GCF_964028415.1,iyAndHelv1.Wolbachia_sp_1.1
Wolbachia endosymbiont (group A) of Gastracanthus pulcherrimus,GCF_964028265.1,iyGasPulc2.Wolbachia_sp_1.1
Wolbachia endosymbiont (group B) of Udea ferrugalis,GCF_964028225.1,ilUdeFerr1.Wolbachia_sp_1.1
Wolbachia endosymbiont (group B) of Xanthorhoe designata,GCF_964028585.1,ilXanDesi1.Wolbachia_sp_1.1
Wolbachia endosymbiont (group A) of Tromatobia lineatoria,GCF_964028565.1,iyTroLine1.Wolbachia_sp_1.1
Wolbachia endosymbiont (group B) of Alcis repandata,GCF_964028275.1,ilAlcRepa2.Wolbachia_sp_1.1
Wolbachia endosymbiont (group A) of Nomada fucata,GCF_964028175.1,iyNomFuca1.Wolbachia_sp_1.1
Wolbachia endosymbiont (group A) of Lypha dubia,GCF_964028575.1,idLypDubi1.Wolbachia_sp_1.1
Wolbachia endosymbiont (group B) of Gerris lacustris,GCF_964028355.1,ihGerLacu2.Wolbachia_sp_1.1
Wolbachia endosymbiont (group A) of Crataerina pallida,GCF_964028475.1,idCraPall2.Wolbachia_sp_1.1
Wolbachia endosymbiont (group B) of Agrotis puta,GCF_964028455.1,ilAgrPuta1.Wolbachia_sp_1.1
Wolbachia endosymbiont (group A) of Pogonocherus hispidulus,GCF_964028245.1,icPogHisp1.Wolbachia_sp_1.1
Wolbachia endosymbiont (group B) of Horisme vitalbata,GCF_964028625.1,ilHorVita1.Wolbachia_sp_1.1
Wolbachia endosymbiont (group A) of Alloplasta piceator,GCF_964028505.1,iyAllPice1.Wolbachia_sp_1.1
Wolbachia endosymbiont (group B) of Villa cingulata,GCF_964028285.1,idVilCing2.Wolbachia_sp_1.1
Wolbachia endosymbiont (group A) of Pipizella viduata,GCF_964028555.1,idPipVidu3.Wolbachia_sp_1.1
Wolbachia endosymbiont (group B) of Tholera decimalis,GCF_964028405.1,ilThoDeci1.Wolbachia_sp_1.1
Wolbachia endosymbiont (group B) of Longitarsus flavicornis,GCF_964028135.1,icLonFlav1.Wolbachia_sp_2.1
Wolbachia endosymbiont (group B) of Apomyelois bistriatella,GCF_964028375.1,ilApoBist1.Wolbachia_sp_1.1
Wolbachia endosymbiont (group A) of Cydia amplana,GCF_964028495.1,ilCydAmpl1.Wolbachia_sp_1.1
Wolbachia endosymbiont (group B) of Xylocampa areola,GCF_964028205.1,ilXylAreo1.Wolbachia_sp_1.1
Wolbachia endosymbiont (group A) of Udea olivalis,GCF_964028365.1,ilUdeOliv2.Wolbachia_sp_1.1
Wolbachia endosymbiont (group A) of Ennomos erosarius,GCF_964028535.1,ilEnnEroa1.Wolbachia_sp_2.1
Wolbachia endosymbiont (group A) of Portevinia maculata,GCF_964028525.1,idPorMacu1.Wolbachia_sp_1.1
Wolbachia endosymbiont (group B) of Pilophorus perplexus,GCF_964028155.1,ihPilPerp1.Wolbachia_sp_1.1
Wolbachia endosymbiont (group B) of Cyclophora punctaria,GCF_964028235.1,ilCycPunc2.Wolbachia_sp_1.1
Wolbachia endosymbiont (group B) of Silvanus unidentatus,GCF_964028615.1,icSilUnid1.Wolbachia_sp_1.1
Wolbachia endosymbiont (group A) of Hedychridium roseum,GCF_964028325.1,iyHedRose1.Wolbachia_sp_1.1
Wolbachia endosymbiont (group B) of Hofmannophila pseudospretella,GCF_964028515.1,ilHofPseu3.Wolbachia_sp_1.1
Wolbachia endosymbiont (group A) of Phasia obesa,GCF_964028125.1,idPhaObes1.Wolbachia_sp_2.1
Wolbachia endosymbiont (group A) of Rhorus exstirpatorius,GCF_964028425.1,iyRhoExst1.Wolbachia_sp_1.1
Wolbachia endosymbiont (group A) of Urophora cardui,GCF_964028435.1,idUroCard1.Wolbachia_sp_1.1
Wolbachia endosymbiont (group B) of Scrobipalpa ocellatella,GCF_964188425.1,ilScrOcel1.Wolbachia_sp_1.1
Wolbachia endosymbiont of Armadillidium arcangelii,GCF_040207875.1,EBI_wArc_BXR23
Wolbachia endosymbiont of Drosophila willistoni,GCF_040084705.1,2024-09-12
Wolbachia endosymbiont of Encarsia formosa,GCF_039540065.1,ASM3954006v1
Wolbachia endosymbiont (group B) of Eupithecia inturbata,GCF_964030915.1,ilEupIntu1.Wolbachia_sp_1.1
Wolbachia endosymbiont (group A) of Microdon myrmicae,GCF_964031025.1,idMicMyrm1.Wolbachia_sp_1.1
Wolbachia endosymbiont (group A) of Melieria omissa,GCF_964031125.1,idMelOmis1.Wolbachia_sp_1.1
Wolbachia endosymbiont (group B) of Schoenobius gigantella,GCF_964031005.1,ilSchGiga1.Wolbachia_sp_1.1
Wolbachia endosymbiont (group A) of Schoenobius gigantella,GCF_964031055.1,ilSchGiga1.Wolbachia_sp_2.1
Wolbachia endosymbiont (group A) of Sturmia bella,GCF_964030905.1,idStuBell1.Wolbachia_sp_1.1
Wolbachia endosymbiont (group A) of Barypeithes pellucidus,GCF_964030885.1,icBarPell3.Wolbachia_sp_1.1
Wolbachia endosymbiont (group A) of Cerceris ruficornis,GCF_964031185.1,iyCerRufi2.Wolbachia_sp_1.1
Wolbachia endosymbiont (group B) of Melanargia galathea,GCF_964030625.1,ilMelGala2.Wolbachia_sp_1.1
Wolbachia endosymbiont (group B) of Anania hortulata,GCF_964030705.1,ilAnaHort2.Wolbachia_sp_1.1
Wolbachia endosymbiont (group A) of Scoparia ambigualis,GCF_964030675.1,ilScoAmbi1.Wolbachia_sp_1.1
Wolbachia endosymbiont (group B) of Idaea biselata,GCF_964026785.1,ilIdaBise2.Wolbachia_sp_2.1
Wolbachia endosymbiont (group A) of Myopa testacea,GCF_964027115.1,idMyoTest1.Wolbachia_sp_1.1
Wolbachia endosymbiont (group A) of Ischnus inquisitorius,GCF_964026985.1,iyIscInqu1.Wolbachia_sp_1.1
Wolbachia endosymbiont (group B) of Phasia obesa,GCF_964027035.1,idPhaObes1.Wolbachia_sp_1.1
Wolbachia endosymbiont (group A) of Andrena fulva,GCF_964026815.1,iyAndFulv1.Wolbachia_sp_1.1
Wolbachia endosymbiont (group B) of Aricia artaxerxes,GCF_964026975.1,ilAriArta2.Wolbachia_sp_1.1
Wolbachia endosymbiont (group E) of Neria commutata,GCF_964026735.1,idNerComm1.Wolbachia_sp_1.1
Wolbachia endosymbiont (group A) of Andrena carantonica,GCF_964027085.1,iyAndCara2.Wolbachia_sp_1.1
Wolbachia endosymbiont (group A) of Oxytorus armatus,GCF_964027005.1,iyOxyArmt1.Wolbachia_sp_1.1
Wolbachia endosymbiont (group B) of Yponomeuta malinellus,GCF_964026795.1,ilYpoRore1.Wolbachia_sp_1.1
Wolbachia endosymbiont (group A) of Pherbina coryleti,GCF_964026875.1,idPheCory1.Wolbachia_sp_1.1
Wolbachia endosymbiont (group A) of Brachyopa scutellaris,GCF_964026995.1,idBraScut1.Wolbachia_sp_1.1
Wolbachia endosymbiont (group A) of Nomada goodeniana,GCF_964026705.1,iyNomGood2.Wolbachia_sp_2.1
Wolbachia endosymbiont (group B) of Elophila nymphaeata,GCF_964026825.1,ilEloNymp1.Wolbachia_sp_1.1
Wolbachia endosymbiont (group B) of Ennomos erosarius,GCF_964026905.1,ilEnnEroa1.Wolbachia_sp_3.1
Wolbachia endosymbiont (group A) of Cydia strobilella,GCF_964026745.1,ilCydStro3.Wolbachia_sp_2.1
Wolbachia endosymbiont (group A) of Clivina fossor,GCF_964026865.1,icCliFoss2.Wolbachia_sp_1.1
Wolbachia endosymbiont (group B) of Chesias legatella,GCF_964026945.1,ilCheLega1.Wolbachia_sp_1.1
Wolbachia endosymbiont (group A) of Machimus atricapillus,GCF_964027095.1,idMacAtri3.Wolbachia_sp_1.1
Wolbachia endosymbiont (group A) of Conops quadrifasciatus,GCF_964027015.1,idConQuad1.Wolbachia_sp_1.1
Wolbachia endosymbiont (group A) of Chalcis sispes,GCF_964026765.1,iyChaSisp2.Wolbachia_sp_1.1
Wolbachia endosymbiont (group A) of Nomada flava,GCF_964027055.1,iyNomFlav1.Wolbachia_sp_1.1
Xylella fastidiosa,GCF_028891345.1,ASM2889134v1
Yersinia enterocolitica,GCF_000253175.1,ASM25317v1
Yersinia pseudotuberculosis,GCF_900637475.1,51108_B01
Yersinia ruckeri,GCF_017498685.1,ASM1749868v1
